token,reason,normalized_form
a,English stop word removed,
aardvarks,Inflection merged by lemmatization,aardvark
abandons,Inflection merged by lemmatization,abandon
abas,Inflection merged by lemmatization,aba
abattoirs,Inflection merged by lemmatization,abattoir
abbots,Inflection merged by lemmatization,abbot
abcs,Inflection merged by lemmatization,abc
abductions,Inflection merged by lemmatization,abduction
abductors,Inflection merged by lemmatization,abductor
aberrations,Inflection merged by lemmatization,aberration
abilities,Inflection merged by lemmatization,ability
abodes,Inflection merged by lemmatization,abode
abolitionists,Inflection merged by lemmatization,abolitionist
abominations,Inflection merged by lemmatization,abomination
aboriginals,Inflection merged by lemmatization,aboriginal
aborigines,Inflection merged by lemmatization,aborigine
abortionists,Inflection merged by lemmatization,abortionist
abortions,Inflection merged by lemmatization,abortion
aborts,Inflection merged by lemmatization,abort
abos,Inflection merged by lemmatization,abo
about,English stop word removed,
above,English stop word removed,
abrahams,Inflection merged by lemmatization,abraham
abrasions,Inflection merged by lemmatization,abrasion
abs,Inflection merged by lemmatization,ab
absences,Inflection merged by lemmatization,absence
abstractions,Inflection merged by lemmatization,abstraction
abstracts,Inflection merged by lemmatization,abstract
absurdities,Inflection merged by lemmatization,absurdity
abusers,Inflection merged by lemmatization,abuser
abuses,Inflection merged by lemmatization,abuse
academics,Inflection merged by lemmatization,academic
academies,Inflection merged by lemmatization,academy
accents,Inflection merged by lemmatization,accent
acceptances,Inflection merged by lemmatization,acceptance
accessories,Inflection merged by lemmatization,accessory
accidents,Inflection merged by lemmatization,accident
acclaims,Inflection merged by lemmatization,acclaim
accolades,Inflection merged by lemmatization,accolade
accommodations,Inflection merged by lemmatization,accommodation
accomplices,Inflection merged by lemmatization,accomplice
accomplishments,Inflection merged by lemmatization,accomplishment
accords,Inflection merged by lemmatization,accord
accountants,Inflection merged by lemmatization,accountant
accounts,Inflection merged by lemmatization,account
accouterments,Inflection merged by lemmatization,accouterment
accoutrements,Inflection merged by lemmatization,accoutrement
accuracies,Inflection merged by lemmatization,accuracy
accusations,Inflection merged by lemmatization,accusation
accusers,Inflection merged by lemmatization,accuser
aces,Inflection merged by lemmatization,ace
aches,Inflection merged by lemmatization,ache
achievements,Inflection merged by lemmatization,achievement
achievers,Inflection merged by lemmatization,achiever
achilleas,Inflection merged by lemmatization,achillea
acids,Inflection merged by lemmatization,acid
acknowledgements,Inflection merged by lemmatization,acknowledgement
acknowledgments,Inflection merged by lemmatization,acknowledgment
acolytes,Inflection merged by lemmatization,acolyte
acorns,Inflection merged by lemmatization,acorn
acoustics,Inflection merged by lemmatization,acoustic
acquaintances,Inflection merged by lemmatization,acquaintance
acquisitions,Inflection merged by lemmatization,acquisition
acres,Inflection merged by lemmatization,acre
acrobats,Inflection merged by lemmatization,acrobat
acronyms,Inflection merged by lemmatization,acronym
acs,Inflection merged by lemmatization,ac
actings,Inflection merged by lemmatization,acting
actions,Inflection merged by lemmatization,action
actives,Inflection merged by lemmatization,active
activists,Inflection merged by lemmatization,activist
activities,Inflection merged by lemmatization,activity
actors,Inflection merged by lemmatization,actor
actresses,Inflection merged by lemmatization,actress
acts,Inflection merged by lemmatization,act
actualities,Inflection merged by lemmatization,actuality
actuators,Inflection merged by lemmatization,actuator
adams,Inflection merged by lemmatization,adam
adaptations,Inflection merged by lemmatization,adaptation
adapters,Inflection merged by lemmatization,adapter
adaptions,Inflection merged by lemmatization,adaption
adaptors,Inflection merged by lemmatization,adaptor
adas,Inflection merged by lemmatization,ada
addictions,Inflection merged by lemmatization,addiction
addicts,Inflection merged by lemmatization,addict
additions,Inflection merged by lemmatization,addition
additives,Inflection merged by lemmatization,additive
addresses,Inflection merged by lemmatization,address
adds,Inflection merged by lemmatization,add
adepts,Inflection merged by lemmatization,adept
ades,Inflection merged by lemmatization,ade
adherents,Inflection merged by lemmatization,adherent
adhesives,Inflection merged by lemmatization,adhesive
adjectives,Inflection merged by lemmatization,adjective
adjuncts,Inflection merged by lemmatization,adjunct
adjustments,Inflection merged by lemmatization,adjustment
administrations,Inflection merged by lemmatization,administration
administrators,Inflection merged by lemmatization,administrator
admirals,Inflection merged by lemmatization,admiral
admirers,Inflection merged by lemmatization,admirer
admissions,Inflection merged by lemmatization,admission
admixtures,Inflection merged by lemmatization,admixture
adolescents,Inflection merged by lemmatization,adolescent
adoptees,Inflection merged by lemmatization,adoptee
adoptions,Inflection merged by lemmatization,adoption
ads,Inflection merged by lemmatization,ad
adulterers,Inflection merged by lemmatization,adulterer
adulteries,Inflection merged by lemmatization,adultery
adults,Inflection merged by lemmatization,adult
advancements,Inflection merged by lemmatization,advancement
advances,Inflection merged by lemmatization,advance
advantages,Inflection merged by lemmatization,advantage
adventists,Inflection merged by lemmatization,adventist
adventurers,Inflection merged by lemmatization,adventurer
adventures,Inflection merged by lemmatization,adventure
adversaries,Inflection merged by lemmatization,adversary
adversities,Inflection merged by lemmatization,adversity
advertisements,Inflection merged by lemmatization,advertisement
advertisers,Inflection merged by lemmatization,advertiser
adverts,Inflection merged by lemmatization,advert
advices,Inflection merged by lemmatization,advice
advisers,Inflection merged by lemmatization,adviser
advisories,Inflection merged by lemmatization,advisory
advisors,Inflection merged by lemmatization,advisor
advocates,Inflection merged by lemmatization,advocate
aeons,Inflection merged by lemmatization,aeon
aerials,Inflection merged by lemmatization,aerial
aeroplanes,Inflection merged by lemmatization,aeroplane
aesthetics,Inflection merged by lemmatization,aesthetic
aetv,URL token removed by URL regex,
affairs,Inflection merged by lemmatization,affair
affectations,Inflection merged by lemmatization,affectation
affections,Inflection merged by lemmatization,affection
affects,Inflection merged by lemmatization,affect
affiliates,Inflection merged by lemmatization,affiliate
affiliations,Inflection merged by lemmatization,affiliation
affinities,Inflection merged by lemmatization,affinity
affirmations,Inflection merged by lemmatization,affirmation
afflictions,Inflection merged by lemmatization,affliction
affronts,Inflection merged by lemmatization,affront
afghans,Inflection merged by lemmatization,afghan
aficionados,Inflection merged by lemmatization,aficionado
africans,Inflection merged by lemmatization,african
afrikaners,Inflection merged by lemmatization,afrikaner
afros,Inflection merged by lemmatization,afro
afrovideo,URL token removed by URL regex,
after,English stop word removed,
aftereffects,Inflection merged by lemmatization,aftereffect
afternoons,Inflection merged by lemmatization,afternoon
aftershocks,Inflection merged by lemmatization,aftershock
afterthoughts,Inflection merged by lemmatization,afterthought
again,English stop word removed,
against,English stop word removed,
agencies,Inflection merged by lemmatization,agency
agendas,Inflection merged by lemmatization,agenda
agents,Inflection merged by lemmatization,agent
ages,Inflection merged by lemmatization,age
aggressors,Inflection merged by lemmatization,aggressor
agitators,Inflection merged by lemmatization,agitator
agonies,Inflection merged by lemmatization,agony
agreements,Inflection merged by lemmatization,agreement
ags,Inflection merged by lemmatization,ag
aides,Inflection merged by lemmatization,aide
aids,Inflection merged by lemmatization,aid
aikens,Inflection merged by lemmatization,aiken
ailments,Inflection merged by lemmatization,ailment
ails,Inflection merged by lemmatization,ail
aims,Inflection merged by lemmatization,aim
ain,English stop word removed,
aircrafts,Inflection merged by lemmatization,aircraft
aires,Inflection merged by lemmatization,aire
airheads,Inflection merged by lemmatization,airhead
airliners,Inflection merged by lemmatization,airliner
airlines,Inflection merged by lemmatization,airline
airmen,Inflection merged by lemmatization,airman
airplanes,Inflection merged by lemmatization,airplane
airports,Inflection merged by lemmatization,airport
airs,Inflection merged by lemmatization,air
airships,Inflection merged by lemmatization,airship
airwaves,Inflection merged by lemmatization,airwave
airways,Inflection merged by lemmatization,airway
aisles,Inflection merged by lemmatization,aisle
aks,Inflection merged by lemmatization,ak
alamos,Inflection merged by lemmatization,alamo
alarmists,Inflection merged by lemmatization,alarmist
alarms,Inflection merged by lemmatization,alarm
alas,Inflection merged by lemmatization,ala
alaskans,Inflection merged by lemmatization,alaskan
albanians,Inflection merged by lemmatization,albanian
albinos,Inflection merged by lemmatization,albino
albums,Inflection merged by lemmatization,album
alcoholics,Inflection merged by lemmatization,alcoholic
alerts,Inflection merged by lemmatization,alert
ales,Inflection merged by lemmatization,ale
alexanders,Inflection merged by lemmatization,alexander
algerians,Inflection merged by lemmatization,algerian
aliases,Inflection merged by lemmatization,alias
alibis,Inflection merged by lemmatization,alibi
aliens,Inflection merged by lemmatization,alien
alignments,Inflection merged by lemmatization,alignment
all,English stop word removed,
allegations,Inflection merged by lemmatization,allegation
allegiances,Inflection merged by lemmatization,allegiance
allegories,Inflection merged by lemmatization,allegory
allens,Inflection merged by lemmatization,allen
allergies,Inflection merged by lemmatization,allergy
alleys,Inflection merged by lemmatization,alley
alleyways,Inflection merged by lemmatization,alleyway
alliances,Inflection merged by lemmatization,alliance
allies,Inflection merged by lemmatization,ally
alligators,Inflection merged by lemmatization,alligator
alloantibodies,Inflection merged by lemmatization,alloantibody
allotments,Inflection merged by lemmatization,allotment
allowances,Inflection merged by lemmatization,allowance
allures,Inflection merged by lemmatization,allure
allusions,Inflection merged by lemmatization,allusion
almonds,Inflection merged by lemmatization,almond
alphas,Inflection merged by lemmatization,alpha
alps,Inflection merged by lemmatization,alp
als,Inflection merged by lemmatization,al
alterations,Inflection merged by lemmatization,alteration
altercations,Inflection merged by lemmatization,altercation
alternates,Inflection merged by lemmatization,alternate
alternations,Inflection merged by lemmatization,alternation
alternatives,Inflection merged by lemmatization,alternative
alumni,Inflection merged by lemmatization,alumnus
alums,Inflection merged by lemmatization,alum
am,English stop word removed,
amargosaoperahouse,URL token removed by URL regex,
amateurs,Inflection merged by lemmatization,amateur
amazonas,Inflection merged by lemmatization,amazona
amazons,Inflection merged by lemmatization,amazon
ambassadors,Inflection merged by lemmatization,ambassador
ambiances,Inflection merged by lemmatization,ambiance
ambiguities,Inflection merged by lemmatization,ambiguity
ambitions,Inflection merged by lemmatization,ambition
ambles,Inflection merged by lemmatization,amble
ambulances,Inflection merged by lemmatization,ambulance
ambushers,Inflection merged by lemmatization,ambusher
ambushes,Inflection merged by lemmatization,ambush
amendments,Inflection merged by lemmatization,amendment
amenities,Inflection merged by lemmatization,amenity
amens,Inflection merged by lemmatization,amen
americans,Inflection merged by lemmatization,american
americas,Inflection merged by lemmatization,america
amigos,Inflection merged by lemmatization,amigo
amirs,Inflection merged by lemmatization,amir
amounts,Inflection merged by lemmatization,amount
amours,Inflection merged by lemmatization,amour
amphibians,Inflection merged by lemmatization,amphibian
amplifiers,Inflection merged by lemmatization,amplifier
amps,Inflection merged by lemmatization,amp
amputations,Inflection merged by lemmatization,amputation
amputees,Inflection merged by lemmatization,amputee
amusements,Inflection merged by lemmatization,amusement
anabaptists,Inflection merged by lemmatization,anabaptist
anachronisms,Inflection merged by lemmatization,anachronism
anacondas,Inflection merged by lemmatization,anaconda
analogies,Inflection merged by lemmatization,analogy
analyses,Inflection merged by lemmatization,analysis
analysts,Inflection merged by lemmatization,analyst
anarchists,Inflection merged by lemmatization,anarchist
ancestors,Inflection merged by lemmatization,ancestor
anchormen,Inflection merged by lemmatization,anchorman
anchors,Inflection merged by lemmatization,anchor
ancients,Inflection merged by lemmatization,ancient
and,English stop word removed,
andersons,Inflection merged by lemmatization,anderson
andrews,Inflection merged by lemmatization,andrew
androgynes,Inflection merged by lemmatization,androgyne
androids,Inflection merged by lemmatization,android
anecdotes,Inflection merged by lemmatization,anecdote
anemones,Inflection merged by lemmatization,anemone
anesthesiologists,Inflection merged by lemmatization,anesthesiologist
angelfire,URL token removed by URL regex,
angels,Inflection merged by lemmatization,angel
angers,Inflection merged by lemmatization,anger
angles,Inflection merged by lemmatization,angle
anglicans,Inflection merged by lemmatization,anglican
anglophiles,Inflection merged by lemmatization,anglophile
angsts,Inflection merged by lemmatization,angst
animals,Inflection merged by lemmatization,animal
animations,Inflection merged by lemmatization,animation
animators,Inflection merged by lemmatization,animator
animes,Inflection merged by lemmatization,anime
animists,Inflection merged by lemmatization,animist
animosities,Inflection merged by lemmatization,animosity
ankles,Inflection merged by lemmatization,ankle
annes,Inflection merged by lemmatization,anne
anniversaries,Inflection merged by lemmatization,anniversary
annotations,Inflection merged by lemmatization,annotation
announcements,Inflection merged by lemmatization,announcement
announcers,Inflection merged by lemmatization,announcer
annoyances,Inflection merged by lemmatization,annoyance
anomalies,Inflection merged by lemmatization,anomaly
ans,Inflection merged by lemmatization,an
answerman,HTML tag or attribute removed by HTML-tag regex,
answers,Inflection merged by lemmatization,answer
antagonisms,Inflection merged by lemmatization,antagonism
antagonists,Inflection merged by lemmatization,antagonist
antecedents,Inflection merged by lemmatization,antecedent
antelopes,Inflection merged by lemmatization,antelope
antennae,Inflection merged by lemmatization,antenna
antes,Inflection merged by lemmatization,ante
anthems,Inflection merged by lemmatization,anthem
anthologies,Inflection merged by lemmatization,anthology
anthropologists,Inflection merged by lemmatization,anthropologist
antibiotics,Inflection merged by lemmatization,antibiotic
antibodies,Inflection merged by lemmatization,antibody
anticipations,Inflection merged by lemmatization,anticipation
anticlimaxes,Inflection merged by lemmatization,anticlimax
antics,Inflection merged by lemmatization,antic
antidepressants,Inflection merged by lemmatization,antidepressant
antidotes,Inflection merged by lemmatization,antidote
antiheroes,Inflection merged by lemmatization,antihero
antipodes,Inflection merged by lemmatization,antipode
antiques,Inflection merged by lemmatization,antique
antiquities,Inflection merged by lemmatization,antiquity
antlers,Inflection merged by lemmatization,antler
antonyms,Inflection merged by lemmatization,antonym
antra,Inflection merged by lemmatization,antrum
ants,Inflection merged by lemmatization,ant
anuses,Inflection merged by lemmatization,anus
anvils,Inflection merged by lemmatization,anvil
anxieties,Inflection merged by lemmatization,anxiety
any,English stop word removed,
anzacs,Inflection merged by lemmatization,anzac
apaches,Inflection merged by lemmatization,apache
apartments,Inflection merged by lemmatization,apartment
apes,Inflection merged by lemmatization,ape
aphorisms,Inflection merged by lemmatization,aphorism
apocalypses,Inflection merged by lemmatization,apocalypse
apollos,Inflection merged by lemmatization,apollo
apologies,Inflection merged by lemmatization,apology
apologists,Inflection merged by lemmatization,apologist
apostles,Inflection merged by lemmatization,apostle
appalachians,Inflection merged by lemmatization,appalachian
apparitions,Inflection merged by lemmatization,apparition
appeals,Inflection merged by lemmatization,appeal
appearances,Inflection merged by lemmatization,appearance
appendages,Inflection merged by lemmatization,appendage
appetites,Inflection merged by lemmatization,appetite
appetizers,Inflection merged by lemmatization,appetizer
applauses,Inflection merged by lemmatization,applause
apples,Inflection merged by lemmatization,apple
appliances,Inflection merged by lemmatization,appliance
applicants,Inflection merged by lemmatization,applicant
applications,Inflection merged by lemmatization,application
appointments,Inflection merged by lemmatization,appointment
appraisals,Inflection merged by lemmatization,appraisal
appreciations,Inflection merged by lemmatization,appreciation
appreciators,Inflection merged by lemmatization,appreciator
apprehensions,Inflection merged by lemmatization,apprehension
apprentices,Inflection merged by lemmatization,apprentice
approaches,Inflection merged by lemmatization,approach
appropriations,Inflection merged by lemmatization,appropriation
appros,Inflection merged by lemmatization,appro
approximations,Inflection merged by lemmatization,approximation
apps,HTML tag or attribute removed by HTML-tag regex,
apricots,Inflection merged by lemmatization,apricot
aprons,Inflection merged by lemmatization,apron
aptitudes,Inflection merged by lemmatization,aptitude
aquariums,Inflection merged by lemmatization,aquarium
arabs,Inflection merged by lemmatization,arab
arachnids,Inflection merged by lemmatization,arachnid
arcades,Inflection merged by lemmatization,arcade
archaeologists,Inflection merged by lemmatization,archaeologist
archambault,URL token removed by URL regex,
archeologists,Inflection merged by lemmatization,archeologist
archers,Inflection merged by lemmatization,archer
archetypes,Inflection merged by lemmatization,archetype
architects,Inflection merged by lemmatization,architect
archives,Inflection merged by lemmatization,archive
archs,Inflection merged by lemmatization,arch
arcs,Inflection merged by lemmatization,arc
are,English stop word removed,
areas,Inflection merged by lemmatization,area
aren,English stop word removed,
arenas,Inflection merged by lemmatization,arena
argentinians,Inflection merged by lemmatization,argentinian
argonauts,Inflection merged by lemmatization,argonaut
arguers,Inflection merged by lemmatization,arguer
arguments,Inflection merged by lemmatization,argument
arias,Inflection merged by lemmatization,aria
ariette,Inflection merged by lemmatization,arietta
arilin,URL token removed by URL regex,
aristocrats,Inflection merged by lemmatization,aristocrat
armadillos,Inflection merged by lemmatization,armadillo
armaments,Inflection merged by lemmatization,armament
armatures,Inflection merged by lemmatization,armature
armenians,Inflection merged by lemmatization,armenian
armies,Inflection merged by lemmatization,army
armors,Inflection merged by lemmatization,armor
armouries,Inflection merged by lemmatization,armoury
armpits,Inflection merged by lemmatization,armpit
arms,Inflection merged by lemmatization,arm
arousers,Inflection merged by lemmatization,arouser
arpeggios,Inflection merged by lemmatization,arpeggio
arrangements,Inflection merged by lemmatization,arrangement
arrangers,Inflection merged by lemmatization,arranger
arrests,Inflection merged by lemmatization,arrest
arrivals,Inflection merged by lemmatization,arrival
arrowheads,Inflection merged by lemmatization,arrowhead
arrows,Inflection merged by lemmatization,arrow
ars,Inflection merged by lemmatization,ar
arseholes,Inflection merged by lemmatization,arsehole
arsenals,Inflection merged by lemmatization,arsenal
arsonists,Inflection merged by lemmatization,arsonist
artefacts,Inflection merged by lemmatization,artefact
artel,Inflection merged by lemmatization,rotl
arteries,Inflection merged by lemmatization,artery
arthropods,Inflection merged by lemmatization,arthropod
arthurs,Inflection merged by lemmatization,arthur
articles,Inflection merged by lemmatization,article
artifacts,Inflection merged by lemmatization,artifact
artifices,Inflection merged by lemmatization,artifice
artisans,Inflection merged by lemmatization,artisan
artistes,Inflection merged by lemmatization,artiste
artists,Inflection merged by lemmatization,artist
arts,Inflection merged by lemmatization,art
artworks,Inflection merged by lemmatization,artwork
aryans,Inflection merged by lemmatization,aryan
ascents,Inflection merged by lemmatization,ascent
ascetics,Inflection merged by lemmatization,ascetic
ascots,Inflection merged by lemmatization,ascot
ashes,Inflection merged by lemmatization,ash
ashtrays,Inflection merged by lemmatization,ashtray
asians,Inflection merged by lemmatization,asian
asides,Inflection merged by lemmatization,aside
aspects,Inflection merged by lemmatization,aspect
aspirants,Inflection merged by lemmatization,aspirant
aspirations,Inflection merged by lemmatization,aspiration
aspx,URL token removed by URL regex,
assailants,Inflection merged by lemmatization,assailant
assassinations,Inflection merged by lemmatization,assassination
assassins,Inflection merged by lemmatization,assassin
assaulters,Inflection merged by lemmatization,assaulter
assaults,Inflection merged by lemmatization,assault
assays,Inflection merged by lemmatization,assay
assertions,Inflection merged by lemmatization,assertion
asses,Inflection merged by lemmatization,ass
assessments,Inflection merged by lemmatization,assessment
assets,Inflection merged by lemmatization,asset
assholes,Inflection merged by lemmatization,asshole
assignations,Inflection merged by lemmatization,assignation
assignments,Inflection merged by lemmatization,assignment
assistants,Inflection merged by lemmatization,assistant
assists,Inflection merged by lemmatization,assist
associates,Inflection merged by lemmatization,associate
associations,Inflection merged by lemmatization,association
assumptions,Inflection merged by lemmatization,assumption
assurances,Inflection merged by lemmatization,assurance
asteroids,Inflection merged by lemmatization,asteroid
astrogators,Inflection merged by lemmatization,astrogator
astronauts,Inflection merged by lemmatization,astronaut
astronomers,Inflection merged by lemmatization,astronomer
asylums,Inflection merged by lemmatization,asylum
at,English stop word removed,
ates,Inflection merged by lemmatization,ate
atheists,Inflection merged by lemmatization,atheist
athletes,Inflection merged by lemmatization,athlete
atmospheres,Inflection merged by lemmatization,atmosphere
atms,Inflection merged by lemmatization,atm
atoms,Inflection merged by lemmatization,atom
atrocities,Inflection merged by lemmatization,atrocity
atrophies,Inflection merged by lemmatization,atrophy
attaches,Inflection merged by lemmatization,attache
attachments,Inflection merged by lemmatization,attachment
attackers,Inflection merged by lemmatization,attacker
attacks,Inflection merged by lemmatization,attack
attempts,Inflection merged by lemmatization,attempt
attendants,Inflection merged by lemmatization,attendant
attendees,Inflection merged by lemmatization,attendee
attentions,Inflection merged by lemmatization,attention
attics,Inflection merged by lemmatization,attic
attitudes,Inflection merged by lemmatization,attitude
attorneys,Inflection merged by lemmatization,attorney
attractions,Inflection merged by lemmatization,attraction
attributes,Inflection merged by lemmatization,attribute
attributions,Inflection merged by lemmatization,attribution
auctions,Inflection merged by lemmatization,auction
audiences,Inflection merged by lemmatization,audience
auditions,Inflection merged by lemmatization,audition
auditoriums,Inflection merged by lemmatization,auditorium
augers,Inflection merged by lemmatization,auger
augmentations,Inflection merged by lemmatization,augmentation
aunties,Inflection merged by lemmatization,aunty
aunts,Inflection merged by lemmatization,aunt
auras,Inflection merged by lemmatization,aura
auroras,Inflection merged by lemmatization,aurora
aus,Inflection merged by lemmatization,au
auspices,Inflection merged by lemmatization,auspex
aussies,Inflection merged by lemmatization,aussie
austens,Inflection merged by lemmatization,austen
australians,Inflection merged by lemmatization,australian
austrians,Inflection merged by lemmatization,austrian
auteurs,Inflection merged by lemmatization,auteur
authoritarians,Inflection merged by lemmatization,authoritarian
authorities,Inflection merged by lemmatization,authority
authors,Inflection merged by lemmatization,author
